<?xml version="1.0" encoding="UTF-8" standalone="yes"?>
<addon id="weather.wunderground" name="Weather Underground" version="2.0.2" provider-name="Team XBMC">
	<requires>
		<import addon="xbmc.python" version="2.1.0"/>
		<import addon="script.module.simplejson" version="2.0.10"/>
	</requires>
	<extension point="xbmc.python.weather" library="default.py"/>
	<extension point="xbmc.addon.metadata">
		<summary lang="af">Weer voorspelling vanaf wunderground.com</summary>
		<summary lang="am">የአየር ንብረት ከ wunderground.com</summary>
		<summary lang="ar">توقعات الطقس من wunderground.com</summary>
		<summary lang="be">Прагноз надвор'я з wunderground.com</summary>
		<summary lang="bg">Синоптична прогноза от wunderground.com</summary>
		<summary lang="ca">Previsió del temps de wunderground.com</summary>
		<summary lang="cs">Předpověď počasí z wunderground.com</summary>
		<summary lang="cy">Rhagolygon tywydd gan wunderground.com</summary>
		<summary lang="da">Vejrudsigt fra wunderground.com</summary>
		<summary lang="de">Wettervorhersage von wunderground.com</summary>
		<summary lang="el">Πρόγνωση καιρού από το wunderground.com</summary>
		<summary lang="en">Weather forecast from wunderground.com</summary>
		<summary lang="es">Predicción meteorológica de wunderground.com</summary>
		<summary lang="es_AR">Pronóstico meteorológico de wunderground.com</summary>
		<summary lang="es_MX">Pronóstico de wunderground.com</summary>
		<summary lang="et">Ilmaennustus portaalist wunderground.com</summary>
		<summary lang="eu">Eguraldi iragarpena wunderground.com-etik</summary>
		<summary lang="fi">Sääennusteet wunderground.com-sivustolta</summary>
		<summary lang="fo">Veðurforsøgn frá wunderground.com</summary>
		<summary lang="fr">Prévisions météo fournies par wunderground.com</summary>
		<summary lang="gl">Predición meteorolóxica de wunderground.com</summary>
		<summary lang="he">תחזית מזג האויר מאת wunderground.com</summary>
		<summary lang="hr">Prognoza vremena s wunderground.com</summary>
		<summary lang="hu">Időjárás előrejelzés a wunderground.com-tól</summary>
		<summary lang="is">Veðurspár frá wunderground.com</summary>
		<summary lang="it">Meteo fornito da wunderground.com</summary>
		<summary lang="ja">wunderground.com 天気予報</summary>
		<summary lang="ko">wunderground.com 날씨예보</summary>
		<summary lang="lt">Orų prognozė nuo/iš wunderground.com</summary>
		<summary lang="mk">Временска прогноза од wunderground.com</summary>
		<summary lang="my">wunderground.com မှ ရာသီဥတုခန့်မှန်းချက်</summary>
		<summary lang="nl">Weersvoorspelling van wunderground.com</summary>
		<summary lang="no">Værvarsel fra wunderground.com</summary>
		<summary lang="pl">Prognoza pogody ze strony wunderground.com</summary>
		<summary lang="pt">Previsão meteorológica a partir de wunderground.com</summary>
		<summary lang="pt_BR">Previsão do tempo por wunderground.com</summary>
		<summary lang="ro">Starea vremii de la wunderground.com</summary>
		<summary lang="ru">Прогноз погоды с сайта wunderground.com</summary>
		<summary lang="sk">Predpoveď počasia z wunderground.com</summary>
		<summary lang="sl">Vremenska napoved, ki jo zagotavlja wunderground.com</summary>
		<summary lang="sq">Parashikimi i motit nga wunderground.com</summary>
		<summary lang="sv">Väderprognos från wunderground.com</summary>
		<summary lang="ta_IN">Wunderground.com இருந்து வானிலை முன்னறிவிப்பு</summary>
		<summary lang="th">พยากรณ์อากาศจาก wunderground.com</summary>
		<summary lang="tr">Hava durumu wunderground.com sitesinden alınır</summary>
		<summary lang="uk">Прогноз погоди з wunderground.com</summary>
		<summary lang="uz">wunderground.com dan ob-havo ma'lumoti</summary>
		<summary lang="vi">Dự báo thời tiết từ wunderground.com</summary>
		<summary lang="vi_VN">Dự báo thời tiết từ wunderground.com</summary>
		<summary lang="zh">来自wunderground.com的天气预报</summary>
		<summary lang="zh_TW">weatherground.com 上的天氣預報</summary>
		<description lang="af">Weer voorspelling verskaf deur Weather Underground (http://www.wunderground.com/)</description>
		<description lang="am">የአየር ንብረት የሚቀርበው በ Weather Underground (http://www.wunderground.com/)</description>
		<description lang="ar">توقعات الطقس من تقديم Weather Underground&#10;(http://www.wunderground.com/)</description>
		<description lang="be">Прагноз надвор'я створаны Weather Underground (http://www.wunderground.com/)</description>
		<description lang="bg">Синоптична прогноза с данните от Weather Underground (http://www.wunderground.com/)</description>
		<description lang="ca">Previsió del temps proporcionada per Weather Underground (http://www.wunderground.com/)</description>
		<description lang="cs">Předpověď počasí poskytnuta stránkou Weather Underground (http://www.wunderground.com/)</description>
		<description lang="cy">Rhagolygon tywydd gan Weather Underground (http://www.wunderground.com/)</description>
		<description lang="da">Vejrudsigten leveres af Weather Underground (http://www.wunderground.com/)</description>
		<description lang="de">Wettervorhersage bereitgestellt durch Weather Underground (http://www.wunderground.com/)</description>
		<description lang="el">Η πρόγνωση καιρού παρέχεται από το Weather Underground (http://www.wunderground.com/)</description>
		<description lang="en">Weather forecast provided by Weather Underground (http://www.wunderground.com/)</description>
		<description lang="es">Predicción meteorológica proporcionada por Weather Underground&#10;(http://www.wunderground.com/)</description>
		<description lang="es_AR">Pronóstico meteorológico proporcionado por Weather Underground&#10;(http://www.wunderground.com/)</description>
		<description lang="es_MX">Pronóstico del tiempo por Weather Underground&#10;(http://www.wunderground.com/)</description>
		<description lang="et">Ilma ennustab Weather Underground (http://www.wunderground.com/)</description>
		<description lang="fi">Sääennusteet Weather Underground -sivuston tarjoamina (http://www.wunderground.com/)</description>
		<description lang="fo">Veðurforsøgnin er latin av Weather Underground (http://www.wunderground.com)</description>
		<description lang="fr">Prévisions météo fournies par Weather Underground (http://www.wunderground.com/)</description>
		<description lang="gl">Predición meteorolóxica provista por Weather Underground&#10;(http://www.wunderground.com/)</description>
		<description lang="he">תחזית מזג האויר ניתנת ע"י Weather Underground (http://www.wunderground.com</description>
		<description lang="hr">Prognozu vremena omogućava Weather Underground (http://www.wunderground.com/)</description>
		<description lang="hu">Az előrejelzést a Weather Underground (http://www.wunderground.com/) szolgáltatja </description>
		<description lang="is">Veðurspár frá Weather Underground (http://www.wunderground.com/)</description>
		<description lang="it">Meteo fornito da Weather Underground (http://www.wunderground.com/)</description>
		<description lang="ja">Weather Underground (http://www.wunderground.com/) 提供の天気予報</description>
		<description lang="ko">Weather Underground (http://www.wunderground.com/)가 제공하는 날씨예보</description>
		<description lang="lt">Orų prognozė teikiama (pateikiama) iš Weather Underground (http://www.wunderground.com/)</description>
		<description lang="mk">Временска прогноза обезбедена од Weather Underground (http://www.wunderground.com/)</description>
		<description lang="my">ရာသီဥတုခန့်မှန်းချက်ကို Weather Underground (http://www.wunderground.com/) မှထောက်ပံ့ပေးထားပါသည်။</description>
		<description lang="nl">Weersvoorspelling voorzien door Weather Underground&#10;(http://www.wunderground.com/)</description>
		<description lang="no">Værvarsel fra Weather Underground (http://www.wunderground.com)</description>
		<description lang="pl">Prognoza pogody jest dostarczona dzięki uprzejmości serwisu: (http://www.wunderground.com/)</description>
		<description lang="pt">Previsão meteorológica fornecida por Weather Underground&#10;(http://www.wunderground.com/)</description>
		<description lang="pt_BR">Previsão do tempo por Weather Underground (http://www.wunderground.com/)</description>
		<description lang="ro">Starea vremii furnizată de Weather Underground &#10;(http://www.wunderground.com/)</description>
		<description lang="ru">Прогноз погоды предоставлен компанией Weather Underground (http://www.wunderground.com/)</description>
		<description lang="sk">Predpoveď počasia poskytovaná od Weather Underground (http://www.wunderground.com/)</description>
		<description lang="sl">Vremenska napoved, ki jo zagotavlja Weather Underground (http://www.wunderground.com/)</description>
		<description lang="sq">Parashikimi i motit i pajisur nga Weahter Underground&#10;(http://www.wunderground.com/)</description>
		<description lang="sv">Väderprognos tillhandahållen av Weather Underground&#10;(http://www.wunderground.com/)</description>
		<description lang="ta_IN">வானிலை முன்னறிவிப்பு வழங்குபவர் வானிலை அண்டர்கிரவுண்டு (http://www.wunderground.com/)</description>
		<description lang="th">พยากรณ์อากาศโดย Weather Underground &#10;(http://www.wunderground.com/)</description>
		<description lang="tr">Hava durumu Weather Underground (http://www.wunderground.com/)  tarafından sağlanır</description>
		<description lang="uk">Прогноз погоди надано Weather Underground (http://www.wunderground.com/)</description>
		<description lang="uz">Ob-havo ma'lumoti Weather Underground (http://www.wunderground.com/) tomonidan taqdim etilgan</description>
		<description lang="vi">Dự báo thời tiết từ Weather Underground (http://www.wunderground.com/)</description>
		<description lang="vi_VN">Dự báo thời tiết được cung cấp bởi Weather Underground (http://www.wunderground.com/)</description>
		<description lang="zh">由Weather Underground（http://www.wunderground.com/）提供的天气预报</description>
		<description lang="zh_TW">天氣預報由 Weather Underground (http://www.wunderground.com/) 所提供</description>
		<disclaimer lang="af">Die gebruik van hierdie byvoegsel impliseer dat U saamstem met die Terme van Diens uiteengesit op http://www.wunderground.com/weather/api/d/terms.html</disclaimer>
		<disclaimer lang="ar">استعمالك لهذه الإضافة يعني انك وافقت على شروط الإستخدام الموجودة على الرابط http://www.wunderground.com/weather/api/d/terms.html</disclaimer>
		<disclaimer lang="be">Выкарыстаньне гэтага дадатку пацьвярджае што вы згаджаецеся з Умовамі Выкарыстаньня што знаходзяцца на http://www.wunderground.com/weather/api/d/terms.html</disclaimer>
		<disclaimer lang="bg">Употребявайки добавката Вие се съгласявате с условията за ползване на услугата, които се намират на http://www.wunderground.com/weather/api/d/terms.html</disclaimer>
		<disclaimer lang="ca">L'ús d'aquest complement implica que vostè ha acceptat els termes de servei ubicats a http://www.wunderground.com/weather/api/d/terms.html</disclaimer>
		<disclaimer lang="cs">Používáním tohoto rozšíření schvalujete podmínky užívání umístěné na http://www.wunderground.com/weather/api/d/terms.html</disclaimer>
		<disclaimer lang="cy">Mae defnyddio'r ategyn yma'n awgrymu eich bod yn cytuno i'r Amodau Gwasanaeth sydd yn http://www.wunderground.com/weather/api/d/terms.html</disclaimer>
		<disclaimer lang="da">Brug af denne addon indebærer, at du har erklæret dig enig i vilkårene for tjenesten, der findes på http://www.wunderground.com/weather/api/d/terms.html</disclaimer>
		<disclaimer lang="de">Mit Benutzung dieses Addons bestätigen Sie, dass Sie den Nutzungsbedingungen auf http://www.wunderground.com/weather/api/d/terms.html zustimmen.</disclaimer>
		<disclaimer lang="el">Χρήση αυτού του πρόσθετου συνεπάγεται την αποδοχή των Όρων Χρήσης της Υπηρεσίας (Terms of Service) οι οποίοι βρίσκονται στο http://www.wunderground.com/weather/api/d/terms.html</disclaimer>
		<disclaimer lang="en">Use of this add-on implies that you have agreed to the Terms of Service located at http://www.wunderground.com/weather/api/d/terms.html</disclaimer>
		<disclaimer lang="es">Al usar este complemento, aceptas los términos de uso de http://www.wunderground.com/weather/api/d/terms.html</disclaimer>
		<disclaimer lang="es_AR">Al usar este complemento, aceptas los términos de uso de http://www.wunderground.com/weather/api/d/terms.html</disclaimer>
		<disclaimer lang="es_MX">El uso de este add-on implica que usted esta de acuerdo con los Términos de Servicio localizados en http://www.wunderground.com/weather/api/d/terms.html</disclaimer>
		<disclaimer lang="et">Selle lisamooduli kasutamine viitab sellele, et te olete nõustunud kasutajatingimustega aadressil http://www.wunderground.com/weather/api/d/terms.html</disclaimer>
		<disclaimer lang="eu">Gehigarri hau erabiltzeak http://www.wunderground.com/weather/api/d/terms.html -en aurkitzen diren zerbitzu baldintzak onartzen inplikatzen du.</disclaimer>
		<disclaimer lang="fi">Tämän lisäosan käyttäminen tarkoittaa, että olet hyväksynyt osoitteessa http://www.wunderground.com/weather/api/d/terms.html sijaitsevat käyttöehdot</disclaimer>
		<disclaimer lang="fo">Nýtsla av hesi víðkan merkir at tú góðtekur treytirnar sum finnast á http://www.wunderground.com/weather/api/d/terms.html</disclaimer>
		<disclaimer lang="fr">L'utilisation de cette extension implique votre acceptation des Conditions Générales d'Utilisation disponibles sur http://www.wunderground.com/weather/api/d/terms.html</disclaimer>
		<disclaimer lang="gl">Empregar este Engadido implica que vostede aceptou os termos de servizo localizados en http://www.wunderground.com/weather/api/d/terms.html</disclaimer>
		<disclaimer lang="he">שימוש בתוסף זה משתמע שאישרת את תנאי השימוש אשר ממוקמים בכתובת הבאה http://www.wunderground.com/weather/api/d/terms.html</disclaimer>
		<disclaimer lang="hr">Upotreba ovog dodatka podrazumijeva da se slažete s Pravilima korištenja koja se nalaze na http://www.wunderground.com/weather/api/d/terms.html</disclaimer>
		<disclaimer lang="hu">A kiegészítő használatával elfogadod a következő feltételeket: http://www.wunderground.com/weather/api/d/terms.html&#10;&#10;    </disclaimer>
		<disclaimer lang="is">Notkun á þessari viðbót gefur til kynna að þú hafir samþykkt skilmálana sem finna má á http://www.wunderground.com/weather/api/d/terms.html</disclaimer>
		<disclaimer lang="it">Usando questo add-on accetti i Termini di Servizio consultabili su http://www.wunderground.com/weather/api/d/terms.html</disclaimer>
		<disclaimer lang="ja">このアドオンを使うと、http://www.wunderground.com/weather/api/d/terms.html にある規約に合意したものと見なされます</disclaimer>
		<disclaimer lang="ko">이 애드온을 사용하는 것은 http://www.wunderground.com/weather/api/d/terms.html 에 있는 서비스 약관에 동의함을 의미합니다</disclaimer>
		<disclaimer lang="lt">Naudodami šį priedą jūs sutinate(-kote) su paslaugų teikimo sąlygomis esančiomis http://www.wunderground.com/weather/api/d/terms.html</disclaimer>
		<disclaimer lang="mk">Користење на овој додаток имплицира дека се согласувате со условите за користење кои се наоѓаат на http://www.wunderground.com/weather/api/d/terms.html</disclaimer>
		<disclaimer lang="my">ဒီ add-on ကိုသုံးခြင်းသည် http://www.wunderground.com/weather/api/d/terms.html တွင်ရှိသော Terms of Service ကိုသဘောတူညီဟု သတ်မှတ်သည်</disclaimer>
		<disclaimer lang="nl">Het gebruik van deze add-on impliceert dat je akkoord gaat met de service-voorwaarden op http://www.wunderground.com/weather/api/d/terms.html</disclaimer>
		<disclaimer lang="no">Bruken av dette tillegget betinger at du har godkjent brukervilkårene på http://www.wunderground.com/weather/api/d/terms.html</disclaimer>
		<disclaimer lang="pl">Korzystanie z tego dodatku jest równoważne z akceptacją regulaminu dostępnego pod adresem: http://www.wunderground.com/weather/api/d/terms.html</disclaimer>
		<disclaimer lang="pt">O uso deste Add-on implica o seu acordo com os Termos do Serviço. Pode encontrá-los em http://www.wunderground.com/weather/api/d/terms.html</disclaimer>
		<disclaimer lang="pt_BR">Usar este add-on implica que você concorda com os termos de uso localizados em http://www.wunderground.com/weather/api/d/terms.html</disclaimer>
		<disclaimer lang="ro">Folosirea acestui plugin implică acceptarea Termenilor și Serviciilor aflate la adresa http://www.wunderground.com/weather/api/d/terms.html</disclaimer>
		<disclaimer lang="ru">Используя это дополнение, вы соглашаетесь с условиями предоставления услуг, доступными по адресу http://www.wunderground.com/weather/api/d/terms.html</disclaimer>
		<disclaimer lang="sk">Používaním tohto doplnku súhlasíte s podmienkami používania služby umiestnenými na http://www.wunderground.com/weather/api/d/terms.html</disclaimer>
		<disclaimer lang="sl">Z uporabo vtičnika se strinjate s Pogoji uporabe, ki se nahajajo na http://www.wunderground.com/weather/api/d/terms.html</disclaimer>
		<disclaimer lang="sq">Përdorimi i kësaj shtesës nënkupton që ke lexuar Termat e Shërbimit të lokalizuar tek http://www.wunderground.com/weather/api/d/terms.html</disclaimer>
		<disclaimer lang="sv">Användning av detta tillägg innebär att ni har accepterat användarvillkoren som går att hitta på&#10;http://www.wunderground.com/weather/api/d/terms.html</disclaimer>
		<disclaimer lang="ta_IN">விதிமுறைகள் ஒப்பு கொண்டீர் என்று தெரிகிறது http://www.wunderground.com/weather/api/d/terms.html</disclaimer>
		<disclaimer lang="th">ในการใช้บริการโปรแกรมเสริมนี้หมายความว่าคุณได้ยอมรับเงื่อนไขในการให้บริการโดย http://www.wunderground.com/weather/api/d/terms.html</disclaimer>
		<disclaimer lang="tr">Bu eklentinin kullanımı aynı zamanda http://www.wunderground.com/weather/api/d/terms.html adresindeki Kullanım Koşullarını da kabul ettiğiniz anlamına gelir.</disclaimer>
		<disclaimer lang="uk">Скориставшись цією надбудовою, ви тим самим погоджуєтеся з умовами використання: http://www.wunderground.com/weather/api/d/terms.html</disclaimer>
		<disclaimer lang="vi">Khi sử dụng add-on này đồng nghĩa với việc bạn đồng ý với các điều khoản sử dụng dịch vụ của nhà cung cấp tại địa chỉ http://www.wunderground.com/weather/api/d/terms.html</disclaimer>
		<disclaimer lang="vi_VN">Sử dụng add-on này hàm ý rằng bạn đã đồng ý với các điều khoản của dịch vụ có ở http://www.wunderground.com/weather/api/d/terms.html</disclaimer>
		<disclaimer lang="zh">使用此扩展功能意味着你同意此连接下的服务条款：http://www.wunderground.com/weather/api/d/terms.html</disclaimer>
		<disclaimer lang="zh_TW">使用這個附加元件代表你同意 http://www.wunderground.com/weather/api/d/terms.html 所載之使用者條款</disclaimer>
		<language></language>
		<platform>all</platform>
		<forum>http://forum.xbmc.org/showthread.php?tid=116668</forum>
		<source>https://code.google.com/p/ronie/source/</source>
	</extension>
</addon>
