<?xml version="1.0" encoding="UTF-8" standalone="yes"?>
<addon id="metadata.common.htbackdrops.com"
       name="HTBackdrops"
       version="1.3.1"
       provider-name="Team XBMC">
  <requires>
    <import addon="xbmc.metadata" version="1.0"/>
  </requires>
  <extension point="xbmc.metadata.scraper.library"
             library="htbackdrops.xml"/>
  <extension point="xbmc.addon.metadata">
    <platform>all</platform>
    <minversion>20000</minversion>
    <summary lang="bg">Библиотека за сваляне на инф. от HTBackdrops</summary>
    <summary lang="en">HTBackdrops Scraper Library</summary>
    <summary lang="de">Scraper für Hintergründe von HTBackdrops</summary>
    <summary lang="es">Scraper de HTBackdrops</summary>
    <summary lang="fi">HTBackdrops taustakuvalataajan kirjasto</summary>
    <summary lang="fr">Scraper HTBackdrops</summary>
    <summary lang="hu">HTBackdrops leolvasó-könyvtár</summary>
    <summary lang="nl">HTBackdrops-scraperfuncties</summary>
    <summary lang="pl">Scraper biblioteki HTBackdrops</summary>
    <summary lang="pt">Biblioteca de fundos HTBackdrops</summary>
    <summary lang="ru">Обработчик Фоновых изображений с HTBackdrops</summary>
    <summary lang="se">Skrapa för HTBackdrops</summary>
    <summary lang="zh">HTBackdrops刮削器代码库</summary>
    <description lang="bg">Сваля декорации от www.htbackdrops.com</description>
    <description lang="en">Download backdrops from www.htbackdrops.com</description>
    <description lang="de">Downloade Hintergründe von www.htbackdrops.com</description>
    <description lang="es">Descarga fanart y fotos de artistas de www.htbackdrops.com</description>
    <description lang="fi">Lataa taustakuvia osoitteesta www.htbackdrops.com</description>
    <description lang="fr">Télécharge les backdrops depuis www.htbackgrops.com</description>
    <description lang="hu">Fanartképek letöltése www.htbackdrops.com webhelyről</description>
    <description lang="nl">Achtergronden ophalen van www.htbackdrops.com</description>
    <description lang="pl">Pobieraj tła z www.htbackdrops.com</description>
    <description lang="pt">Descarregar fundos de www.htbackdrops.com</description>
    <description lang="ru">Загружать фоновые изображения с www.htbackdrops.com</description>
    <description lang="se">Ladda ner bakgrundsbilder från www.htbackdrops.com</description>
    <description lang="zh">从www.htbackdrops.com下载背景图</description>
  </extension>
</addon>
