<?xml version="1.0" encoding="UTF-8" standalone="yes"?>
<addon id="service.xbmc.callbacks" name="XBMC callbacks" version="0.2" provider-name="pilluli">
  <requires>
    <import addon="xbmc.python" version="2.1.0"/>
  </requires>
  <extension point="xbmc.service" library="default.py" start="startup">
  </extension>
  <extension point="xbmc.addon.metadata">
    <platform>all</platform>
    <summary lang="en">Callbacks for XBMC. Set user scripts to be executed at certain functions such as player start, stop, etc.</summary>
  </extension>
</addon>
