<?xml version="1.0" encoding="UTF-8" standalone="yes"?>
<addon id="metadata.common.amazon.de"
       name="Amazon.de"
       version="1.0.1"
       provider-name="Team XBMC">
  <requires>
    <import addon="xbmc.metadata" version="1.0"/>
  </requires>
  <extension point="xbmc.metadata.scraper.library"
             library="amazonde.xml"/>
  <extension point="xbmc.addon.metadata">
    <platform>all</platform>
    <minversion>20000</minversion>
    <summary lang="en">amazon.de Scraper Library</summary>
    <description lang="en">Download Music information from amazon.de</description>
  </extension>
</addon>
